No,Category,Guideline,Description,Do,Don't,Code Good,Code Bad,Severity,Docs URL
1,XAML,Use Avalonia XAML namespace,Avalonia has its own XAML namespace not WPF,xmlns= for Avalonia-specific namespace,WPF xmlns or UWP xmlns,"<Window xmlns=""https://github.com/avaloniaui"">","<Window xmlns=""http://schemas.microsoft.com/winfx/2006/xaml/presentation"">",High,https://docs.avaloniaui.net/docs/basics/user-interface/introduction-to-xaml
2,XAML,Use compiled bindings with x:DataType,Enable compile-time binding validation,x:DataType on root or DataTemplate for compiled bindings,Reflection-based bindings in production,"<Window x:DataType=""vm:MainViewModel""><TextBlock Text=""{Binding Name}""/></Window>","<Window><TextBlock Text=""{Binding Name}""/> without x:DataType",High,https://docs.avaloniaui.net/docs/basics/data/data-binding/compiled-bindings
3,XAML,Enable compiled bindings globally,Set in project for safety,ClrNamespacesAreCompiledBindingsByDefault in project file,Relying on runtime binding resolution,"<AvaloniaNamespacesAreCompiledBindingsByDefault>true</AvaloniaNamespacesAreCompiledBindingsByDefault>","No compiled binding enforcement",Medium,https://docs.avaloniaui.net/docs/basics/data/data-binding/compiled-bindings
4,XAML,Use ResolveByName for named controls,Access named controls in compiled binding context,ResolveByName for x:Name references in bindings,Direct element references breaking compiled bindings,"<TextBlock Text=""{Binding #SearchBox.Text}""/>","Code-behind reference for simple element-to-element binding",Low,https://docs.avaloniaui.net/docs/basics/data/data-binding/compiled-bindings
5,Styling,Use CSS-like selectors,Avalonia uses selectors not implicit styles,Selectors targeting control types classes and pseudoclasses,WPF-style implicit Style with TargetType,"<Style Selector=""Button.primary""><Setter Property=""Background"" Value=""Blue""/></Style>","<Style TargetType=""Button""> without Selector",High,https://docs.avaloniaui.net/docs/basics/user-interface/styling
6,Styling,Use pseudoclass selectors for states,Target control states with colon syntax,:pointerover :pressed :focus for interactive states,VisualStateManager or Triggers,"<Style Selector=""Button:pointerover""><Setter Property=""Opacity"" Value=""0.8""/></Style>","<VisualStateManager> for hover effects",Medium,https://docs.avaloniaui.net/docs/basics/user-interface/styling
7,Styling,Use nesting selectors,Child and descendant combinators for scoped styles,> for direct child and space for descendant,Flat selectors that match too broadly,"<Style Selector=""StackPanel > Button""><Setter Property=""Margin"" Value=""4""/></Style>","<Style Selector=""Button""> that affects all buttons unintentionally",Medium,https://docs.avaloniaui.net/docs/basics/user-interface/styling
8,Styling,Use StyleInclude for modularity,Split styles into separate AXAML files,StyleInclude to import themed resource files,All styles in a single monolithic App.axaml,"<StyleInclude Source=""/Styles/ButtonStyles.axaml""/>","1000+ line App.axaml with all styles",Medium,https://docs.avaloniaui.net/docs/basics/user-interface/styling
9,Styling,Use Fluent or Simple theme,Built-in Avalonia themes,FluentTheme or SimpleTheme as base,Custom theme from scratch,"<FluentTheme/>","Building all control templates manually",High,https://docs.avaloniaui.net/docs/basics/user-interface/styling/themes
10,Styling,Use theme variants for dark mode,Switch between light and dark,RequestedThemeVariant for theme switching,"Hardcoded colors ignoring theme variants","Application.Current.RequestedThemeVariant = ThemeVariant.Dark;","Manually changing every brush for dark mode",Medium,https://docs.avaloniaui.net/docs/basics/user-interface/styling/themes
11,Controls,Use DataGrid for tabular data,Full-featured data grid control,DataGrid for sortable filterable tables,Custom Grid layouts for tabular data,"<DataGrid ItemsSource=""{Binding Items}"" AutoGenerateColumns=""False""/>","<Grid> with manual row/column headers for table",Medium,https://docs.avaloniaui.net/docs/reference/controls/datagrid/
12,Controls,Use TreeView with HierarchicalDataTemplate,Display hierarchical data structures,HierarchicalDataTemplate for tree data,Nested ItemsControls for hierarchy,"<TreeView ItemsSource=""{Binding Nodes}""><TreeView.ItemTemplate><HierarchicalDataTemplate ItemsSource=""{Binding Children}""/></HierarchicalDataTemplate></TreeView.ItemTemplate></TreeView>","Nested ListBoxes to simulate tree",Medium,https://docs.avaloniaui.net/docs/reference/controls/treeview
13,Controls,Use Panel for custom layouts,Create custom panel subclasses for complex layouts,Custom Panel.ArrangeOverride and MeasureOverride,Deeply nested standard panels,"class WrapPanel : Panel { protected override Size ArrangeOverride(...) }","5 levels of StackPanel and Grid nesting",Low,https://docs.avaloniaui.net/docs/reference/controls/panel
14,Controls,Use NativeMenu for platform menus,Native menu bar on macOS and desktop,NativeMenu for cross-platform menu bar,Custom menu implementation per platform,"<NativeMenu.Menu><NativeMenu><NativeMenuItem Header=""File""/></NativeMenu></NativeMenu.Menu>","Custom menu bar control for each platform",Medium,https://docs.avaloniaui.net/docs/concepts/services/platform-specific/native-menus
15,Data Binding,Implement INotifyPropertyChanged,Standard .NET property notification,INotifyPropertyChanged or CommunityToolkit.Mvvm,Properties without change notification,"[ObservableProperty] private string _name;","public string Name { get; set; } without notification",High,https://docs.avaloniaui.net/docs/basics/data/data-binding/change-notifications
16,Data Binding,Use ObservableCollection for lists,UI updates on collection changes,ObservableCollection<T> for bound collections,List<T> for ItemsSources,"ObservableCollection<Item> Items { get; } = new();","List<Item> Items { get; set; }",High,https://docs.avaloniaui.net/docs/basics/data/data-binding/change-notifications
17,Data Binding,Use binding to named controls,Element-to-element binding with # syntax,#ElementName.Property for cross-element binding,Code-behind for element references,"<TextBlock Text=""{Binding #slider.Value, StringFormat='{}{0:F0}'}""/>","Code-behind ValueChanged handler to update TextBlock",Medium,https://docs.avaloniaui.net/docs/basics/data/data-binding/
18,Data Binding,Use converters or FuncValueConverter,Transform data for display,FuncValueConverter for simple inline conversions,Complex IValueConverter classes for trivial transforms,"public static FuncValueConverter<bool, IBrush> BoolToColor = new(b => b ? Brushes.Green : Brushes.Red);","Full IValueConverter class for bool to color",Low,https://docs.avaloniaui.net/docs/basics/data/data-binding/data-binding-converters
19,Cross-Platform,Use platform-specific code carefully,Isolate platform code behind abstractions,Interface + platform implementation pattern,#if directives scattered through ViewModels,"IPlatformService with platform-specific implementations","#if WINDOWS ... #elif LINUX ... in ViewModel",Medium,https://docs.avaloniaui.net/docs/guides/platforms/
20,Cross-Platform,Test on all target platforms,Rendering and behavior varies across platforms,CI testing on Windows macOS and Linux,Testing only on development platform,"GitHub Actions matrix with windows-latest ubuntu-latest macos-latest","Testing only on Windows assuming cross-platform works",High,https://docs.avaloniaui.net/docs/guides/platforms/
21,Cross-Platform,Handle platform file paths,Path separators differ across OS,Path.Combine and Environment.SpecialFolder,Hardcoded backslashes or forward slashes,"Path.Combine(Environment.GetFolderPath(Environment.SpecialFolder.ApplicationData), ""MyApp"")","@""C:\Users\data\config.json""",Medium,https://docs.avaloniaui.net/docs/guides/platforms/
22,Cross-Platform,Use Avalonia asset system,Platform-agnostic resource loading,avares:// URI scheme for embedded resources,File system paths for assets,"<Image Source=""avares://MyApp/Assets/logo.png""/>","<Image Source=""C:/images/logo.png""/>",High,https://docs.avaloniaui.net/docs/basics/user-interface/assets
23,Performance,Use virtualization for large lists,Only render visible items,ListBox and ItemsRepeater with virtualization,Non-virtualizing ItemsControl for large lists,"<ListBox ItemsSource=""{Binding LargeList}""/>","<ItemsControl><StackPanel> for 10K items",High,https://docs.avaloniaui.net/docs/reference/controls/listbox
24,Performance,Avoid unnecessary bindings,Each binding has overhead,Bind only properties that change,Binding static labels and headers,"<TextBlock Text=""{Binding DynamicTitle}""/> but static: <TextBlock Text=""Settings""/>","<TextBlock Text=""{Binding SettingsLabel}""/> for constant string",Low,https://docs.avaloniaui.net/docs/basics/data/data-binding/
25,Performance,Use bitmap caching for complex visuals,Cache rendered output of complex controls,RenderOptions.BitmapInterpolationMode for images,Re-rendering complex drawings every frame,"RenderOptions.SetBitmapInterpolationMode(image, BitmapInterpolationMode.HighQuality)","No render optimization for complex visuals",Low,https://docs.avaloniaui.net/docs/basics/user-interface/controls/image
26,Performance,Profile with Avalonia DevTools,Built-in diagnostic tools,DevTools for visual tree and binding inspection,Console.WriteLine debugging,Attach DevTools in debug mode with F12,Print statements to debug layout issues,Medium,https://docs.avaloniaui.net/docs/guides/implementation-guides/developer-tools
27,Architecture,Use MVVM with ReactiveUI or CommunityToolkit,Proven MVVM frameworks for Avalonia,ReactiveUI or CommunityToolkit.Mvvm for ViewModels,Code-behind for all logic,"public class MainViewModel : ReactiveObject { }","MainWindow.axaml.cs with all business logic",High,https://docs.avaloniaui.net/docs/concepts/reactiveui/
28,Architecture,Use ViewLocator pattern,Convention-based View-ViewModel resolution,ViewLocator for automatic view resolution,Manual view instantiation and DataContext wiring,"class ViewLocator : IDataTemplate { Build(object data) => new MainView(); }","new MainView { DataContext = new MainViewModel() } everywhere",Medium,https://docs.avaloniaui.net/docs/concepts/view-locator
29,Architecture,Use dependency injection,Register services via DI container,IServiceProvider with Microsoft.Extensions.DI,Static service locator or manual construction,"services.AddSingleton<IDataService, DataService>(); services.AddTransient<MainViewModel>();","ServiceLocator.Current.GetInstance<IDataService>()",Medium,https://docs.avaloniaui.net/docs/guides/implementation-guides/how-to-use-design-time-data
30,Architecture,Separate Views from ViewModels,Keep UI and logic in separate projects,ViewModels in a separate class library,ViewModels in the same project referencing Avalonia types,"MyApp.Core (no Avalonia refs) + MyApp.Desktop (Avalonia views)","ViewModel importing Avalonia.Controls",Medium,https://docs.avaloniaui.net/docs/concepts/reactiveui/
31,Accessibility,Set AutomationProperties,Enable screen reader support,AutomationProperties.Name on interactive controls,Controls without accessible names,"<Button AutomationProperties.Name=""Close dialog""><PathIcon Data=""...""/></Button>","<Button><PathIcon/></Button> without accessible name",High,https://docs.avaloniaui.net/docs/basics/user-interface/controls/creating-controls
32,Accessibility,Support keyboard navigation,Full keyboard operability,TabIndex and KeyboardNavigation properties,Mouse-only interactions,"<Button TabIndex=""1"" Content=""Save""/>","Clickable controls without keyboard support",High,https://docs.avaloniaui.net/docs/concepts/input/
33,Accessibility,Use semantic control types,Controls convey meaning to assistive tech,Button for actions ListBox for selection,TextBlock with PointerPressed as fake button,"<Button Content=""Submit""/>","<TextBlock PointerPressed=""OnSubmitClick"" Text=""Submit""/>",High,https://docs.avaloniaui.net/docs/basics/user-interface/controls/creating-controls
34,Testing,Use Avalonia.Headless for UI tests,Run UI tests without display server,Avalonia.Headless for CI-compatible UI testing,Skipping UI tests in CI,"[AvaloniaTest] public void Button_Click_Updates_Label() { ... }","UI tests that require a display server",Medium,https://docs.avaloniaui.net/docs/concepts/headless/
35,Testing,Unit test ViewModels,Test business logic independently,xUnit or NUnit on ViewModel methods,Testing through UI only,"[Fact] public void AddItem_IncreasesCount() { vm.AddItem(); Assert.Equal(1, vm.Items.Count); }","Manual testing by running the app",Medium,https://docs.avaloniaui.net/docs/concepts/headless/
36,Testing,Test converters independently,Value converters contain testable logic,Unit tests on Convert and ConvertBack,Assuming converters work without tests,"[Fact] public void BoolToColor_True_ReturnsGreen() { Assert.Equal(Brushes.Green, converter.Convert(true)); }","No converter tests",Low,https://docs.avaloniaui.net/docs/basics/data/data-binding/data-binding-converters
37,Navigation,Use ReactiveUI routing for navigation,IScreen and RoutingState for page navigation,ReactiveUI RoutingState with IScreen on main ViewModel,Manual content swapping in code-behind,"public RoutingState Router { get; } = new(); Router.Navigate.Execute(new DetailViewModel());","contentControl.Content = new DetailView(); in code-behind",Medium,https://docs.avaloniaui.net/docs/concepts/reactiveui/routing
38,Navigation,Use UserControl for views,Pages and screens should be UserControls hosted in a ContentControl,UserControl for each view with RoutedViewHost or ContentControl,Window per page or nested Windows,"<UserControl x:Class=""MyApp.Views.DetailView"">","new Window() for each page in the app",Medium,https://docs.avaloniaui.net/docs/basics/user-interface/controls/creating-controls
39,Navigation,Use page transitions for view switching,Built-in transitions for smooth navigation,CrossFade PageSlide or CompositePageTransition,Abrupt content swaps with no visual continuity,"<RoutedViewHost PageTransition=""{x:Static PageSlide.Horizontal}""/>","ContentControl with no transition between views",Low,https://docs.avaloniaui.net/docs/reference/controls/transitioningcontentcontrol
40,Navigation,Support back navigation,Maintain navigation history for complex apps,Router.NavigateBack or custom back stack,No way to return to previous views,"<Button Command=""{Binding Router.NavigateBack}"" Content=""Back""/>","Single-direction navigation with no back support",Medium,https://docs.avaloniaui.net/docs/concepts/reactiveui/routing
41,Controls,Use AutoCompleteBox for search,Built-in autocomplete and suggestion control,AutoCompleteBox with FilterMode and ItemsSource,TextBox with manual Popup and ListBox for suggestions,"<AutoCompleteBox ItemsSource=""{Binding Suggestions}"" FilterMode=""Contains""/>","TextBox with custom Popup for autocomplete",Medium,https://docs.avaloniaui.net/docs/reference/controls/autocompletebox
42,Controls,Use TabControl for tabbed interfaces,Standard tabbed navigation and content switching,TabControl with TabItem for tabbed layouts,Manual toggle buttons swapping content,"<TabControl><TabItem Header=""General""><GeneralView/></TabItem><TabItem Header=""Advanced""><AdvancedView/></TabItem></TabControl>","ToggleButtons with manual content switching logic",Medium,https://docs.avaloniaui.net/docs/reference/controls/tabcontrol
43,Controls,Use SplitView for master-detail,Collapsible pane layout for navigation or panels,SplitView with Pane and Content areas,Manual Grid with column toggling for sidebar,"<SplitView IsPaneOpen=""{Binding IsPaneOpen}"" DisplayMode=""Inline""><SplitView.Pane><ListBox/></SplitView.Pane><ContentControl/></SplitView>","Grid with manual column width animation for sidebar",Medium,https://docs.avaloniaui.net/docs/reference/controls/splitview
44,Controls,Use Flyout for contextual actions,Attach popup menus and actions to controls,Flyout and MenuFlyout on Button or other controls,Custom Popup positioning and management,"<Button Content=""Options""><Button.Flyout><MenuFlyout><MenuItem Header=""Edit""/><MenuItem Header=""Delete""/></MenuFlyout></Button.Flyout></Button>","Custom Popup with manual open/close and positioning",Low,https://docs.avaloniaui.net/docs/reference/controls/flyouts
45,Controls,Use NumericUpDown for numeric input,Built-in numeric entry with increment buttons,NumericUpDown with Min Max and Increment,TextBox with manual numeric validation,"<NumericUpDown Value=""{Binding Quantity}"" Minimum=""0"" Maximum=""100"" Increment=""1""/>","TextBox with regex validation for numbers",Low,https://docs.avaloniaui.net/docs/reference/controls/numericupdown
46,Lifecycle,Use AppBuilder for app configuration,Configure platform features and services at startup,AppBuilder with UsePlatformDetect and fluent API,Manual platform initialization,"AppBuilder.Configure<App>().UsePlatformDetect().WithInterFont().StartWithClassicDesktopLifetime(args);","Manual platform-specific startup code per OS",High,https://docs.avaloniaui.net/docs/getting-started/application-lifetimes
47,Lifecycle,Handle OnFrameworkInitializationCompleted,Initialize app state and main window after framework ready,Override OnFrameworkInitializationCompleted for startup logic,Constructor-based initialization before framework is ready,"public override void OnFrameworkInitializationCompleted() { if (ApplicationLifetime is IClassicDesktopStyleApplicationLifetime desktop) desktop.MainWindow = new MainWindow(); }","App constructor creating windows before framework init",High,https://docs.avaloniaui.net/docs/getting-started/application-lifetimes
48,Lifecycle,Use IClassicDesktopStyleApplicationLifetime,Desktop-specific lifetime with main window and shutdown mode,IClassicDesktopStyleApplicationLifetime for desktop apps with exit control,Assuming single lifetime type across all platforms,"if (ApplicationLifetime is IClassicDesktopStyleApplicationLifetime desktop) { desktop.ShutdownMode = ShutdownMode.OnMainWindowClose; }","Ignoring lifetime type differences between desktop and mobile",Medium,https://docs.avaloniaui.net/docs/getting-started/application-lifetimes
49,Lifecycle,Register services during startup,Configure DI container before views are created,Service registration in BuildAvaloniaApp or OnFrameworkInitializationCompleted,Lazy service registration or static service locators,"var services = new ServiceCollection(); services.AddSingleton<MainViewModel>(); // registered in startup","ServiceLocator.Register() called from random ViewModels",Medium,https://docs.avaloniaui.net/docs/getting-started/application-lifetimes
50,Animation,Use CSS-like keyframe animations,Avalonia supports declarative animations in XAML and code,Animation with KeyFrame and Setter for property animations,Manual timer-based property updates,"<Border.Transitions><DoubleTransition Property=""Opacity"" Duration=""0:0:0.3""/></Border.Transitions>","DispatcherTimer ticking to update Opacity manually",Medium,https://docs.avaloniaui.net/docs/basics/user-interface/styling/animations
51,Animation,Use Transitions for implicit animations,Automatic animation when property values change,Transitions collection on controls for smooth changes,Instant property changes with no visual feedback,"<Button.Transitions><TransformOperationsTransition Property=""RenderTransform"" Duration=""0:0:0.2""/></Button.Transitions>","Direct property set with no transition",Low,https://docs.avaloniaui.net/docs/basics/user-interface/styling/transitions
